<?xml version="1.0" encoding="utf-8"?>
<feed xmlns="http://www.w3.org/2005/Atom">
  <title>Alice</title>
  
  <subtitle>[object Object]</subtitle>
  <link href="/atom.xml" rel="self"/>
  
  <link href="https://yi.github.io/"/>
  <updated>2020-06-14T11:18:47.000Z</updated>
  <id>https://yi.github.io/</id>
  
  <author>
    <name>Alice</name>
    
  </author>
  
  <generator uri="https://hexo.io/">Hexo</generator>
  
  <entry>
    <title>本博客搭建详细教程</title>
    <link href="https://yi.github.io/posts/6.html"/>
    <id>https://yi.github.io/posts/6.html</id>
    <published>2019-12-27T12:02:34.000Z</published>
    <updated>2020-06-14T11:18:47.000Z</updated>
    
    <content type="html"><![CDATA[<h2 id="本博客详细教程地址："><a href="#本博客详细教程地址：" class="headerlink" title="本博客详细教程地址："></a>本博客详细教程地址：</h2><p>系列教程：</p><ul><li><a href="http://sitoi.cn/posts/6666.html">基于 Hexo GitHub 从零开始搭建个人博客（一）：环境准备篇</a></li><li><a href="https://sitoi.cn/posts/27801.html">基于 Hexo GitHub 从零开始搭建个人博客（二）：搭建基础篇</a></li><li><a href="https://sitoi.cn/posts/63466.html">基于 Hexo GitHub 从零开始搭建个人博客（三）：Matery 主题（DIY 版）详细配置教程，附博客源码</a></li></ul><script>        document.querySelectorAll('.github-emoji')          .forEach(el => {            if (!el.dataset.src) { return; }            const img = document.createElement('img');            img.style = 'display:none !important;';            img.src = el.dataset.src;            img.addEventListener('error', () => {              img.remove();              el.style.color = 'inherit';              el.style.backgroundImage = 'none';              el.style.background = 'none';            });            img.addEventListener('load', () => {              img.remove();            });            document.body.appendChild(img);          });      </script>]]></content>
    
    <summary type="html">
    
      
      
        &lt;h2 id=&quot;本博客详细教程地址：&quot;&gt;&lt;a href=&quot;#本博客详细教程地址：&quot; class=&quot;headerlink&quot; title=&quot;本博客详细教程地址：&quot;&gt;&lt;/a&gt;本博客详细教程地址：&lt;/h2&gt;&lt;p&gt;系列教程：&lt;/p&gt;
&lt;ul&gt;
&lt;li&gt;&lt;a href=&quot;http://sit
      
    
    </summary>
    
    
      <category term="Hexo" scheme="https://yi.github.io/categories/Hexo/"/>
    
    
      <category term="教程" scheme="https://yi.github.io/tags/%E6%95%99%E7%A8%8B/"/>
    
      <category term="Hexo" scheme="https://yi.github.io/tags/Hexo/"/>
    
      <category term="GitHub" scheme="https://yi.github.io/tags/GitHub/"/>
    
  </entry>
  
</feed>
